board	seed	len	d	cwd	slack	md	dem_tot	dem_ctr_w	dem_row	dem_col	mis_cnt	mis_mass	flow_row	flow_col	blank_r	blank_c	sec
0	11400714819323198485	70	44	34	10	32	1	0	0,0,0,0,0	1,0,0,0,0	21	33	4,6,5,5	5,1,3,3	2	0	0.00
1	4354685564936845355	70	52	38	14	32	2	1	0,0,0,0,0	0,1,0,0,1	16	30	6,6,3,3	4,2,6,2	2	4	0.11
2	15755400384260043839	70	44	36	8	36	0	0	0,0,0,0,0	0,0,0,0,0	20	32	6,6,2,5	4,3,5,5	3	1	0.00
3	8709371129873690709	70	46	34	12	32	1	1	0,0,0,0,0	0,1,0,0,0	19	36	4,4,6,6	4,2,2,4	4	4	0.03
4	1663341875487337577	70	58	52	6	50	0	0	0,0,0,0,0	0,0,0,0,0	21	35	2,10,9,5	5,7,7,5	2	0	0.01
5	13064056694810536063	70	54	44	10	40	2	1	0,0,0,1,1	0,0,0,0,0	23	37	6,6,2,3	8,5,5,5	3	1	0.06
6	6018027440424182931	70	40	34	6	30	0	0	0,0,0,0,0	0,0,0,0,0	15	29	2,5,5,3	2,2,6,5	1	3	0.00
7	17418742259747381417	70	52	30	22	28	0	0	0,0,0,0,0	0,0,0,0,0	16	28	4,4,2,4	3,3,3,5	4	0	0.64
8	10372713005361028285	70	52	32	20	28	1	2	0,0,1,0,0	0,0,0,0,0	15	27	4,4,4,3	4,4,2,3	3	3	2.29
9	3326683750974675155	70	50	38	12	32	1	2	0,0,1,0,0	0,0,0,0,0	19	30	6,2,2,2	6,4,5,5	4	2	0.14
10	14727398570297873639	70	56	44	12	40	1	0	0,0,0,0,0	1,0,0,0,0	21	37	9,5,1,5	2,4,8,6	0	4	0.08
11	7681369315911520509	70	48	36	12	32	1	1	0,1,0,0,0	0,0,0,0,0	19	32	2,4,2,5	6,4,2,7	3	3	0.02
12	635340061525167377	70	48	38	10	34	2	1	0,0,0,0,0	1,1,0,0,0	18	31	5,5,7,5	2,2,4,4	0	4	0.01
13	12036054880848365863	70	48	34	14	32	0	0	0,0,0,0,0	0,0,0,0,0	17	27	6,2,4,1	2,4,6,7	3	3	0.23
14	4990025626462012731	70	54	40	14	38	1	0	1,0,0,0,0	0,0,0,0,0	22	37	4,2,5,5	9,5,5,3	2	0	0.17
15	16390740445785211217	70	66	56	10	54	1	1	0,0,0,1,0	0,0,0,0,0	23	35	8,8,7,7	6,6,7,5	2	2	0.18
16	9344711191398858085	70	64	48	16	44	4	2	1,1,0,1,0	1,0,0,0,0	22	39	1,5,5,7	4,6,10,6	0	4	1.79
17	2298681937012504955	70	52	38	14	38	0	0	0,0,0,0,0	0,0,0,0,0	20	33	4,3,7,5	6,4,4,5	1	3	0.02
18	13699396756335703439	70	46	36	10	34	0	0	0,0,0,0,0	0,0,0,0,0	18	33	4,6,6,1	6,4,4,3	3	3	0.00
19	6653367501949350309	70	56	36	20	30	2	1	0,0,0,1,0	1,0,0,0,0	18	29	4,4,2,2	4,4,5,5	4	2	7.52
20	18054082321272548793	70	48	38	10	36	1	0	0,0,0,0,0	0,0,0,0,1	22	36	6,6,2,3	4,4,6,5	3	3	0.03
21	11008053066886195663	70	56	40	16	34	2	1	1,0,0,0,0	0,1,0,0,0	21	37	4,4,4,5	4,6,4,3	3	3	1.47
22	3962023812499842531	70	56	42	14	36	1	0	1,0,0,0,0	0,0,0,0,0	20	35	4,6,2,6	6,4,4,4	4	4	0.40
23	15362738631823041017	70	46	30	16	28	1	0	0,0,0,0,0	1,0,0,0,0	17	27	6,3,3,3	4,3,3,3	1	1	0.12
24	8316709377436687885	70	60	46	14	46	0	0	0,0,0,0,0	0,0,0,0,0	22	35	6,9,5,3	8,5,5,5	1	1	1.30
25	1270680123050334755	70	50	44	6	44	0	0	0,0,0,0,0	0,0,0,0,0	23	37	4,7,3,5	10,7,5,3	1	1	0.00
26	12671394942373533239	70	34	34	0	30	1	0	0,0,0,0,0	1,0,0,0,0	20	32	6,4,4,3	4,5,1,3	3	1	0.00
27	5625365687987180109	70	56	42	14	36	3	1	1,0,0,1,0	0,0,0,0,1	18	30	6,5,3,3	6,7,5,1	1	1	2.58
28	17026080507310378593	70	54	38	16	32	4	3	1,0,0,1,1	0,0,1,0,0	20	29	4,4,2,3	4,2,6,7	3	3	1.36
29	9980051252924025463	70	52	38	14	32	3	4	0,0,0,1,0	0,1,1,0,0	17	29	6,6,5,1	2,2,2,8	2	4	0.15
30	2934021998537672331	70	44	34	10	28	2	0	1,0,0,0,1	0,0,0,0,0	20	34	3,3,3,3	3,5,3,5	0	0	0.01
31	14334736817860870817	70	58	52	6	46	2	1	1,0,0,0,0	0,0,0,1,0	22	33	6,6,6,5	6,3,9,5	3	1	0.01
32	7288707563474517685	70	54	38	16	36	1	0	0,0,0,0,0	1,0,0,0,0	20	29	4,4,6,5	2,4,4,7	3	3	0.50
33	242678309088164555	70	56	42	14	38	1	1	0,0,0,0,0	0,0,0,1,0	19	35	4,6,6,6	2,6,3,5	4	2	1.05
34	11643393128411363039	70	62	42	20	38	2	1	0,0,0,1,0	1,0,0,0,0	20	31	8,4,4,4	2,6,3,7	4	2	41.63
35	4597363874025009909	70	42	32	10	28	0	0	0,0,0,0,0	0,0,0,0,0	17	27	5,3,3,3	5,3,3,3	0	0	0.01
36	15998078693348208393	70	56	40	16	38	2	1	0,0,0,0,0	0,1,0,0,1	21	35	6,6,6,4	4,4,5,3	4	2	0.37
37	8952049438961855263	70	56	38	18	34	1	1	0,0,0,0,0	0,1,0,0,0	17	28	4,2,7,7	5,3,3,3	2	0	10.48
38	1906020184575502131	70	52	40	12	34	0	0	0,0,0,0,0	0,0,0,0,0	19	36	4,2,6,2	4,8,6,2	4	4	0.19
39	13306735003898700617	70	56	44	12	42	0	0	0,0,0,0,0	0,0,0,0,0	22	37	6,6,4,4	7,5,3,7	4	0	0.29
40	6260705749512347485	70	54	44	10	42	2	0	1,0,0,0,1	0,0,0,0,0	22	36	6,7,1,5	6,4,6,7	1	3	0.02
41	17661420568835545971	70	52	38	14	36	1	0	1,0,0,0,0	0,0,0,0,0	20	36	3,5,5,5	2,2,8,6	0	4	0.88
42	10615391314449192839	70	40	34	6	32	1	0	0,0,0,0,0	1,0,0,0,0	20	31	4,4,4,3	6,7,1,3	3	1	0.00
43	3569362060062839709	70	52	34	18	30	2	1	0,0,0,0,0	0,0,0,1,1	16	31	3,5,7,3	4,4,4,0	0	4	0.43
44	14970076879386038193	70	64	50	14	44	4	1	1,0,0,1,1	1,0,0,0,0	23	39	4,6,8,2	4,6,8,6	4	4	6.77
45	7924047624999685063	70	44	36	8	34	1	1	0,0,0,1,0	0,0,0,0,0	20	31	2,1,3,9	6,5,3,5	1	1	0.00
46	878018370613331931	70	46	40	6	34	2	1	0,0,0,0,0	1,0,0,1,0	18	35	2,2,8,8	2,6,4,2	4	4	0.00
47	12278733189936530417	70	60	44	16	42	1	1	0,0,0,1,0	0,0,0,0,0	17	29	4,6,6,5	4,4,6,7	3	3	1.76
48	5232703935550177285	70	50	44	6	44	0	0	0,0,0,0,0	0,0,0,0,0	22	35	6,6,5,5	6,4,5,7	2	2	0.00
49	16633418754873375771	70	48	40	8	34	2	3	0,1,0,0,0	0,0,1,0,0	19	35	6,7,5,3	2,2,4,5	1	3	0.01
50	9587389500487022639	70	52	42	10	40	0	0	0,0,0,0,0	0,0,0,0,0	21	34	8,1,7,5	6,5,5,3	1	1	0.06
51	2541360246100669509	70	46	40	6	34	3	2	0,0,1,0,1	1,0,0,0,0	19	32	2,1,3,5	6,7,7,3	1	1	0.00
52	13942075065423867993	70	36	28	8	26	2	1	0,0,0,0,0	0,0,0,1,1	18	33	2,5,7,1	2,2,2,5	1	3	0.00
53	6896045811037514863	70	48	34	14	34	0	0	0,0,0,0,0	0,0,0,0,0	19	34	3,3,5,5	3,5,7,3	0	0	0.05
54	18296760630360713347	70	56	42	14	40	1	0	0,0,0,0,0	1,0,0,0,0	22	35	6,4,8,7	2,5,3,5	3	1	0.39
55	11250731375974360217	70	48	30	18	30	0	0	0,0,0,0,0	0,0,0,0,0	15	29	4,4,4,1	2,5,5,5	3	1	1.05
56	4204702121588007085	70	46	32	14	28	1	2	0,0,1,0,0	0,0,0,0,0	17	29	6,4,3,3	2,4,2,4	2	4	0.06
57	15605416940911205571	70	58	42	16	38	3	1	1,0,0,1,1	0,0,0,0,0	21	34	4,2,4,3	6,9,7,3	3	1	0.53
58	8559387686524852439	70	56	44	12	40	2	3	0,0,0,0,0	0,1,1,0,0	23	37	4,6,4,4	6,4,7,5	4	2	0.16
59	1513358432138499309	70	50	36	14	30	2	3	0,0,1,1,0	0,0,0,0,0	15	27	5,1,3,1	4,6,4,6	0	4	0.06
60	12914073251461697793	70	54	44	10	40	3	1	0,0,0,1,1	0,0,0,0,1	22	36	4,6,5,3	4,10,5,3	2	2	0.05
61	5868043997075344663	70	44	38	6	38	0	0	0,0,0,0,0	0,0,0,0,0	21	38	7,3,5,3	1,3,9,7	0	0	0.00
62	17268758816398543147	70	46	38	8	34	0	0	0,0,0,0,0	0,0,0,0,0	17	28	4,2,5,7	5,5,3,3	2	0	0.00
63	10222729562012190017	70	44	34	10	34	0	0	0,0,0,0,0	0,0,0,0,0	20	34	6,5,3,5	2,3,5,5	1	1	0.00
64	3176700307625836885	70	54	44	10	38	1	1	0,0,0,0,0	0,1,0,0,0	19	34	6,6,5,5	3,3,9,1	2	0	0.08
65	14577415126949035371	70	52	38	14	34	3	3	0,0,1,0,0	1,0,0,1,0	19	33	4,3,5,5	4,5,5,3	1	1	0.77
66	7531385872562682239	70	62	44	18	42	1	0	0,0,0,0,0	1,0,0,0,0	21	35	8,8,5,5	4,4,2,6	2	4	14.52
67	485356618176329109	70	52	44	8	38	2	3	0,0,0,1,0	0,0,1,0,0	21	32	6,4,4,5	8,4,2,5	3	3	0.03
68	11886071437499527593	70	56	40	16	38	1	1	0,0,0,0,0	0,1,0,0,0	19	32	4,4,4,5	8,9,3,1	3	1	2.22
69	4840042183113174463	70	54	38	16	34	1	1	0,1,0,0,0	0,0,0,0,0	20	31	4,3,3,5	6,2,6,5	1	3	0.78
70	16240757002436372947	70	60	48	12	44	1	0	0,0,0,0,0	1,0,0,0,0	23	37	8,2,6,6	6,6,5,5	4	2	0.51
71	9194727748050019817	70	44	30	14	28	2	2	0,0,0,0,0	1,0,1,0,0	19	29	4,4,6,3	4,2,2,3	3	3	0.01
72	2148698493663666685	70	40	34	6	34	0	0	0,0,0,0,0	0,0,0,0,0	20	30	6,4,4,2	6,6,3,3	4	2	0.00
73	13549413312986865171	70	46	34	12	32	1	0	0,0,0,0,0	0,0,0,0,1	20	33	4,4,6,4	2,6,3,3	4	2	0.01
74	6503384058600512039	70	58	36	22	32	1	0	1,0,0,0,0	0,0,0,0,0	17	23	2,5,3,3	6,4,4,5	1	3	11.58
75	17904098877923710525	70	48	40	8	38	1	0	1,0,0,0,0	0,0,0,0,0	20	34	2,6,6,2	6,6,7,3	4	2	0.01
76	10858069623537357393	70	62	48	14	46	0	0	0,0,0,0,0	0,0,0,0,0	21	33	4,6,6,5	8,5,7,5	3	1	0.63
77	3812040369151004263	70	46	36	10	34	1	0	0,0,0,0,0	0,0,0,0,1	21	33	4,5,5,3	6,3,3,5	1	1	0.01
78	15212755188474202747	70	54	38	16	38	0	0	0,0,0,0,0	0,0,0,0,0	19	29	3,3,5,5	4,6,5,7	0	2	0.37
79	8166725934087849617	70	50	40	10	40	0	0	0,0,0,0,0	0,0,0,0,0	22	37	4,4,6,8	6,2,7,3	4	2	0.02
80	1120696679701496485	70	50	36	14	34	1	2	0,0,1,0,0	0,0,0,0,0	21	36	4,4,3,3	5,5,3,7	2	0	0.09
81	12521411499024694971	70	58	44	14	40	2	2	0,0,0,0,0	0,0,1,0,1	21	34	7,5,9,3	4,6,3,3	0	2	0.68
82	5475382244638341839	70	46	34	12	32	1	1	0,0,0,1,0	0,0,0,0,0	21	32	5,3,3,5	6,4,4,2	0	4	0.01
83	16876097063961540325	70	62	44	18	42	2	0	1,0,0,0,1	0,0,0,0,0	22	37	4,4,8,2	7,5,7,5	4	0	3.64
84	9830067809575187193	70	50	40	10	40	0	0	0,0,0,0,0	0,0,0,0,0	22	32	6,4,4,5	4,5,5,7	3	1	0.03
85	2784038555188834063	70	62	48	14	42	2	0	0,0,0,0,1	1,0,0,0,0	20	28	6,7,5,5	4,7,3,5	1	1	3.62
86	14184753374512032547	70	66	48	18	44	2	1	1,1,0,0,0	0,0,0,0,0	23	35	4,6,5,3	8,8,5,5	2	2	33.61
87	7138724120125679417	70	58	42	16	38	1	1	0,0,0,0,0	0,1,0,0,0	19	33	6,4,5,5	3,5,5,5	2	0	1.56
88	92694865739326285	70	46	36	10	32	2	3	0,1,0,0,0	0,0,1,0,0	16	26	3,3,5,5	2,4,5,5	0	2	0.01
89	11493409685062524771	70	54	44	10	42	2	1	0,0,0,0,0	1,1,0,0,0	22	36	8,4,5,7	4,4,4,6	2	4	0.02
90	4447380430676171639	70	58	52	6	48	2	0	1,0,0,0,0	0,0,0,0,1	21	37	4,7,11,3	4,8,6,5	1	3	0.01
91	15848095249999370125	70	38	28	10	28	0	0	0,0,0,0,0	0,0,0,0,0	15	24	2,3,5,3	2,2,4,7	1	3	0.00
92	8802065995613016993	70	54	40	14	38	1	0	0,0,0,0,0	1,0,0,0,0	21	34	6,8,7,3	2,2,5,5	2	2	0.51
93	1756036741226663863	70	56	44	12	42	1	1	0,0,0,0,0	0,0,0,1,0	19	31	6,6,5,7	2,4,6,6	2	4	0.08
94	13156751560549862347	70	48	34	14	32	2	2	0,0,0,0,0	0,1,0,1,0	19	28	6,4,3,5	5,3,3,3	2	0	0.02
95	6110722306163509217	70	48	32	16	30	0	0	0,0,0,0,0	0,0,0,0,0	19	33	5,3,5,5	2,6,1,3	0	2	0.36
96	17511437125486707701	70	56	46	10	40	0	0	0,0,0,0,0	0,0,0,0,0	20	38	6,8,6,2	4,2,8,4	4	4	0.05
97	10465407871100354571	70	52	40	12	38	0	0	0,0,0,0,0	0,0,0,0,0	20	35	4,6,2,4	5,7,5,5	4	0	0.02
98	3419378616714001439	70	36	30	6	28	1	1	0,0,0,0,0	0,0,0,1,0	18	33	0,4,4,6	4,4,3,3	4	2	0.00
99	14820093436037199925	70	44	30	14	28	1	1	0,1,0,0,0	0,0,0,0,0	17	29	3,1,3,5	2,6,3,5	0	2	0.01
100	7774064181650846793	70	46	38	8	38	0	0	0,0,0,0,0	0,0,0,0,0	19	34	6,4,3,3	3,3,7,9	2	0	0.00
101	728034927264493663	70	42	30	12	24	1	1	0,0,0,0,0	0,1,0,0,0	13	24	3,1,5,3	2,4,4,2	0	4	0.04
102	12128749746587692147	70	34	28	6	28	0	0	0,0,0,0,0	0,0,0,0,0	22	35	3,3,5,3	2,2,6,4	0	4	0.00
103	5082720492201339017	70	56	42	14	38	1	0	0,0,0,0,1	0,0,0,0,0	23	36	6,4,5,3	5,5,5,5	2	0	0.64
104	16483435311524537501	70	54	42	12	40	1	0	0,0,0,0,0	0,0,0,0,1	21	33	2,4,7,5	6,6,7,3	2	2	0.16
105	9437406057138184371	70	58	44	14	42	1	0	0,0,0,0,1	0,0,0,0,0	21	35	7,5,5,3	4,6,5,7	0	2	2.16
106	2391376802751831239	70	52	38	14	34	2	2	0,0,1,0,0	1,0,0,0,0	20	33	2,5,5,5	2,8,4,3	1	3	0.13
107	13792091622075029725	70	52	46	6	44	2	2	1,0,1,0,0	0,0,0,0,0	23	37	4,7,5,9	6,5,3,5	1	1	0.00
108	6746062367688676593	70	60	44	16	42	1	1	0,0,0,0,0	0,1,0,0,0	23	39	6,6,6,2	5,5,5,7	4	0	1.07
109	18146777187011875079	70	62	44	18	40	2	1	0,0,0,0,0	0,0,0,1,1	21	34	5,7,5,7	4,4,6,2	0	4	22.89
110	11100747932625521947	70	40	34	6	32	0	0	0,0,0,0,0	0,0,0,0,0	21	29	6,4,2,6	4,4,3,3	4	2	0.00
111	4054718678239168817	70	44	36	8	36	0	0	0,0,0,0,0	0,0,0,0,0	24	40	3,5,7,3	2,4,6,6	0	4	0.00
112	15455433497562367301	70	54	42	12	40	1	1	0,0,0,0,0	0,0,0,1,0	22	38	4,3,9,5	4,4,6,5	1	3	0.06
113	8409404243176014171	70	60	48	12	48	0	0	0,0,0,0,0	0,0,0,0,0	22	37	6,7,5,5	6,6,6,7	1	3	0.43
114	1363374988789661039	70	46	38	8	36	1	1	0,1,0,0,0	0,0,0,0,0	23	39	5,3,5,5	1,7,5,5	0	0	0.00
115	12764089808112859525	70	44	38	6	36	0	0	0,0,0,0,0	0,0,0,0,0	17	28	4,4,6,5	8,7,1,1	3	1	0.01
116	5718060553726506393	70	60	48	12	42	1	1	0,0,0,1,0	0,0,0,0,0	21	34	6,2,6,6	6,4,6,6	4	4	1.54
117	17118775373049704879	70	52	30	22	28	2	0	0,0,0,0,0	1,0,0,0,1	19	34	4,4,6,4	3,3,3,1	4	0	4.64
118	10072746118663351747	70	58	40	18	38	1	0	1,0,0,0,0	0,0,0,0,0	20	33	4,6,3,5	6,2,6,6	2	4	6.03
119	3026716864276998617	70	58	42	16	40	1	0	1,0,0,0,0	0,0,0,0,0	21	31	4,6,5,3	6,6,5,5	2	2	0.86
120	14427431683600197101	70	56	36	20	32	1	0	0,0,0,0,0	1,0,0,0,0	14	25	5,9,5,3	6,2,1,1	0	2	17.99
121	7381402429213843971	70	54	42	12	38	2	2	0,0,0,1,0	0,0,0,1,0	21	31	5,5,5,3	4,4,5,7	0	2	0.11
122	335373174827490839	70	54	40	14	38	1	0	0,0,0,0,1	0,0,0,0,0	23	37	3,5,3,5	4,6,7,5	0	2	0.69
123	11736087994150689325	70	50	42	8	38	1	0	1,0,0,0,0	0,0,0,0,0	20	38	1,7,7,5	7,5,3,3	0	0	0.02
124	4690058739764336193	70	58	46	12	46	0	0	0,0,0,0,0	0,0,0,0,0	22	33	4,6,7,7	4,6,7,5	2	2	0.49
125	16090773559087534679	70	56	42	14	40	0	0	0,0,0,0,0	0,0,0,0,0	20	31	6,4,5,5	6,6,7,1	2	2	0.10
126	9044744304701181547	70	56	42	14	38	4	0	1,0,0,0,1	1,0,0,0,1	21	34	2,6,8,5	6,6,2,3	3	3	0.19
127	1998715050314828417	70	60	44	16	42	0	0	0,0,0,0,0	0,0,0,0,0	18	30	4,4,6,6	5,5,5,7	4	0	2.81
128	13399429869638026901	70	48	38	10	34	1	0	0,0,0,0,1	0,0,0,0,0	20	30	4,5,1,5	6,2,4,7	1	3	0.03
129	6353400615251673771	70	48	38	10	38	0	0	0,0,0,0,0	0,0,0,0,0	18	32	6,9,7,1	4,5,3,3	1	1	0.05
130	17754115434574872255	70	58	42	16	40	2	1	0,0,0,0,0	0,1,0,0,1	22	35	4,6,8,5	6,4,4,3	3	3	1.35
131	10708086180188519125	70	46	32	14	30	1	0	0,0,0,0,0	0,0,0,0,1	21	32	4,2,7,3	3,5,3,3	2	0	0.02
132	3662056925802165993	70	44	34	10	34	0	0	0,0,0,0,0	0,0,0,0,0	18	33	6,6,2,3	2,4,6,5	3	3	0.01
133	15062771745125364479	70	52	44	8	40	1	0	0,0,0,0,1	0,0,0,0,0	18	34	6,6,6,3	2,5,7,5	3	1	0.04
134	8016742490739011347	70	58	42	16	40	0	0	0,0,0,0,0	0,0,0,0,0	19	34	8,4,4,4	5,7,5,3	4	0	0.11
135	970713236352658217	70	54	42	12	38	2	2	0,0,1,0,1	0,0,0,0,0	20	35	4,4,6,4	1,5,7,7	4	0	0.13
136	12371428055675856701	70	52	38	14	30	4	1	2,0,0,1,0	0,0,0,0,1	19	33	2,6,2,1	6,5,5,3	3	1	0.44
137	5325398801289503571	70	52	38	14	34	2	1	1,1,0,0,0	0,0,0,0,0	21	30	2,4,5,3	6,6,3,5	2	2	0.09
138	16726113620612702055	70	52	44	8	42	1	1	0,1,0,0,0	0,0,0,0,0	22	33	4,6,6,3	6,7,7,3	3	1	0.00
139	9680084366226348925	70	44	32	12	30	0	0	0,0,0,0,0	0,0,0,0,0	18	31	4,5,1,3	4,2,6,5	1	3	0.05
140	2634055111839995793	70	40	30	10	30	0	0	0,0,0,0,0	0,0,0,0,0	17	28	2,2,7,5	5,5,1,3	2	0	0.01
141	14034769931163194279	70	48	36	12	34	0	0	0,0,0,0,0	0,0,0,0,0	19	32	8,4,2,3	4,2,4,7	3	3	0.09
142	6988740676776841147	70	50	36	14	36	0	0	0,0,0,0,0	0,0,0,0,0	22	39	4,8,4,6	1,5,3,5	4	0	0.17
143	18389455496100039633	70	56	40	16	40	0	0	0,0,0,0,0	0,0,0,0,0	21	36	5,5,7,7	5,3,5,3	0	0	2.06
144	11343426241713686501	70	50	40	10	32	4	2	0,1,0,0,1	1,1,0,0,0	19	32	1,3,7,5	4,6,5,1	0	2	0.02
145	4297396987327333371	70	50	36	14	32	0	0	0,0,0,0,0	0,0,0,0,0	16	30	3,3,5,5	3,5,3,5	0	0	0.11
146	15698111806650531855	70	42	30	12	30	0	0	0,0,0,0,0	0,0,0,0,0	18	31	2,3,5,5	2,5,5,3	1	1	0.01
147	8652082552264178725	70	50	40	10	40	0	0	0,0,0,0,0	0,0,0,0,0	21	31	4,6,3,5	6,6,5,5	2	2	0.03
148	1606053297877825593	70	56	40	16	36	1	1	0,0,0,0,0	0,1,0,0,0	20	31	6,6,4,6	6,4,1,3	4	2	2.55
149	13006768117201024079	70	40	34	6	32	2	2	0,0,1,0,1	0,0,0,0,0	21	36	4,1,5,3	6,5,5,3	1	1	0.00
150	5960738862814670947	70	48	32	16	30	3	3	0,0,0,0,0	1,0,1,1,0	16	30	0,6,6,5	2,5,3,3	3	1	0.36
151	17361453682137869433	70	58	40	18	36	0	0	0,0,0,0,0	0,0,0,0,0	17	28	4,4,4,6	6,6,2,4	4	4	3.83
152	10315424427751516301	70	48	38	10	38	0	0	0,0,0,0,0	0,0,0,0,0	21	35	4,4,6,5	4,4,4,7	3	3	0.02
153	3269395173365163171	70	54	48	6	46	0	0	0,0,0,0,0	0,0,0,0,0	24	38	8,6,4,5	6,7,7,3	3	1	0.02
154	14670109992688361655	70	54	40	14	40	0	0	0,0,0,0,0	0,0,0,0,0	20	34	4,8,5,5	6,6,3,3	2	2	0.21
155	7624080738302008525	70	52	42	10	38	2	2	0,1,0,0,0	0,1,0,0,0	23	38	4,6,4,6	3,3,7,5	4	0	0.05
156	578051483915655393	70	54	44	10	42	3	2	0,0,0,0,0	1,1,0,1,0	23	38	7,7,5,7	2,4,5,5	0	2	0.02
157	11978766303238853879	70	62	50	12	46	2	0	1,0,0,0,0	1,0,0,0,0	22	37	4,6,8,7	4,5,7,5	3	1	0.67
158	4932737048852500747	70	56	38	18	36	1	2	0,0,1,0,0	0,0,0,0,0	20	35	3,3,3,5	6,8,5,3	0	2	6.42
159	16333451868175699233	70	52	38	14	32	1	0	0,0,0,0,0	1,0,0,0,0	20	34	3,7,3,5	4,4,2,4	0	4	1.03
160	9287422613789346101	70	56	42	14	38	1	0	0,0,0,0,1	0,0,0,0,0	21	34	7,5,3,5	6,2,4,6	0	4	0.83
161	2241393359402992971	70	52	40	12	36	3	3	1,0,1,1,0	0,0,0,0,0	18	29	4,3,5,5	4,6,6,3	1	3	0.05
162	13642108178726191455	70	60	48	12	42	2	1	1,0,0,0,0	0,1,0,0,0	24	38	6,5,3,5	4,6,8,5	1	3	0.45
163	6596078924339838325	70	48	42	6	40	1	0	0,0,0,0,0	1,0,0,0,0	21	36	4,2,6,6	4,6,7,5	4	2	0.00
164	17996793743663036809	70	42	36	6	32	2	1	1,0,0,0,0	0,0,0,1,0	21	29	6,4,3,3	4,2,4,6	2	4	0.00
165	10950764489276683679	70	44	32	12	32	0	0	0,0,0,0,0	0,0,0,0,0	16	32	0,4,4,3	2,6,8,5	3	3	0.05
166	3904735234890330547	70	54	38	16	36	2	1	1,0,0,1,0	0,0,0,0,0	22	37	2,6,2,5	4,7,5,5	3	1	1.84
167	15305450054213529033	70	52	40	12	36	1	0	0,0,0,0,1	0,0,0,0,0	24	38	6,4,3,3	7,3,5,5	2	0	0.32
168	8259420799827175901	70	58	38	20	38	0	0	0,0,0,0,0	0,0,0,0,0	19	35	2,4,5,7	4,6,6,4	2	4	44.51
169	1213391545440822771	70	56	42	14	40	1	0	0,0,0,0,0	0,0,0,0,1	22	37	4,8,4,5	4,6,6,3	3	3	1.55
170	12614106364764021255	70	42	32	10	32	0	0	0,0,0,0,0	0,0,0,0,0	19	33	2,6,4,3	6,4,4,3	3	3	0.00
171	5568077110377668125	70	40	32	8	30	1	2	0,0,1,0,0	0,0,0,0,0	19	35	2,4,4,6	3,3,5,3	4	0	0.01
172	16968791929700866609	70	48	38	10	36	0	0	0,0,0,0,0	0,0,0,0,0	22	35	4,4,2,6	5,7,5,3	4	0	0.00
173	9922762675314513479	70	50	32	18	26	2	0	0,0,0,0,1	1,0,0,0,0	16	27	4,2,4,1	2,5,5,3	3	1	3.00
174	2876733420928160347	70	52	36	16	36	0	0	0,0,0,0,0	0,0,0,0,0	20	34	4,4,6,7	4,5,3,3	3	1	0.45
175	14277448240251358833	70	54	40	14	36	1	0	1,0,0,0,0	0,0,0,0,0	19	27	4,4,3,5	4,6,5,5	2	2	0.12
176	7231418985865005701	70	46	32	14	30	1	1	0,0,0,1,0	0,0,0,0,0	20	33	2,4,5,3	5,3,3,5	2	0	0.17
177	185389731478652571	70	54	40	14	36	1	1	0,0,0,0,0	0,1,0,0,0	16	27	2,2,6,6	3,5,7,5	4	0	0.18
178	11586104550801851055	70	58	42	16	40	1	1	0,0,0,1,0	0,0,0,0,0	20	30	6,4,6,5	6,4,4,5	3	3	2.08
179	4540075296415497925	70	48	38	10	36	0	0	0,0,0,0,0	0,0,0,0,0	20	28	6,3,5,5	6,4,4,3	1	3	0.01
180	15940790115738696409	70	54	40	14	38	3	2	0,0,0,0,0	0,1,0,1,1	22	35	8,9,5,5	2,2,4,3	1	3	0.16
181	8894760861352343279	70	48	44	4	42	1	0	0,0,0,0,0	1,0,0,0,0	23	38	7,7,5,5	6,4,4,4	0	4	0.00
182	1848731606965990147	70	46	36	10	30	3	1	1,0,0,0,0	1,1,0,0,0	19	32	4,3,5,3	4,4,4,3	1	3	0.02
183	13249446426289188633	70	40	30	10	28	0	0	0,0,0,0,0	0,0,0,0,0	17	30	5,5,1,3	1,5,5,3	0	0	0.00
184	6203417171902835501	70	52	34	18	32	2	1	0,0,0,0,0	1,1,0,0,0	19	28	4,7,3,3	2,4,4,5	1	3	1.49
185	17604131991226033987	70	50	34	16	30	2	1	0,0,0,0,0	0,0,0,1,1	18	30	3,5,5,5	4,4,1,3	0	2	0.30
186	10558102736839680855	70	56	38	18	34	1	1	0,0,0,1,0	0,0,0,0,0	21	34	6,4,2,2	6,4,3,7	4	2	14.08
187	3512073482453327725	70	54	42	12	38	2	3	0,0,0,0,0	0,1,1,0,0	19	29	4,5,7,7	6,3,3,3	1	1	0.07
188	14912788301776526209	70	52	46	6	36	3	4	0,0,0,1,0	0,0,1,1,0	18	31	6,2,6,6	2,2,6,6	4	4	0.05
189	7866759047390173079	70	62	46	16	46	0	0	0,0,0,0,0	0,0,0,0,0	18	29	2,7,5,7	6,7,7,5	1	1	2.41
190	820729793003819947	70	58	42	16	40	1	0	1,0,0,0,0	0,0,0,0,0	19	33	3,5,5,5	2,4,9,7	0	2	0.25
191	12221444612327018433	70	44	32	12	28	1	1	0,1,0,0,0	0,0,0,0,0	16	28	4,3,1,5	2,5,3,5	1	1	0.05
192	5175415357940665301	70	58	42	16	34	3	0	0,0,0,0,1	1,0,0,0,1	20	27	6,4,1,5	4,4,7,3	2	2	2.82
193	16576130177263863787	70	58	52	6	50	1	0	1,0,0,0,0	0,0,0,0,0	21	36	2,6,9,7	7,9,7,3	2	0	0.00
194	9530100922877510655	70	54	40	14	36	2	1	0,0,0,0,0	0,0,0,1,1	21	33	6,2,6,6	5,3,5,3	4	0	0.75
195	2484071668491157525	70	46	32	14	30	1	1	0,0,0,0,0	0,1,0,0,0	18	31	0,4,5,5	3,3,5,5	2	0	0.06
196	13884786487814356009	70	54	46	8	44	1	0	0,0,0,0,0	1,0,0,0,0	23	38	6,7,5,5	4,4,8,5	1	3	0.03
197	6838757233428002879	70	48	36	12	32	0	0	0,0,0,0,0	0,0,0,0,0	19	32	4,2,5,7	3,1,7,3	2	0	0.04
198	18239472052751201363	70	54	44	10	42	1	1	0,1,0,0,0	0,0,0,0,0	21	31	4,2,3,5	4,8,11,5	2	2	0.04
199	11193442798364848233	70	38	32	6	30	1	1	0,0,0,0,0	0,1,0,0,0	22	33	6,4,3,5	3,1,5,3	2	0	0.00
