board	seed	len	d	v	h	wd_r	wd_c	cwd	slack	fv	fc	rt_v	rt_c	rt_home	rt_far	rt_blank	dem_tot	rtb_v	rtb_c	ph	sec
0	313490885347793157	90	66	29	37	25	27	56	10	25	27	2	5	6	1	32	2	1,1,0,0	1,1,3,0	4,5,5	2.77
1	11714205704670991641	90	56	24	32	12	20	36	20	12	20	6	6	11	1	25	3	4,1,0,1	1,2,1,2	10,7,7	5.23
2	4668176450284638511	90	54	27	27	19	23	42	12	19	23	4	2	6	0	26	0	1,1,2,0	0,0,2,0	5,5,2	0.09
3	16068891269607836995	90	58	32	26	22	22	44	14	22	22	5	2	5	2	26	0	0,1,2,2	1,1,0,0	5,3,6	0.51
4	9022862015221483865	90	70	40	30	24	22	46	24	24	22	8	4	9	3	31	0	2,1,3,2	0,1,2,1	8,6,10	89.83
5	1976832760835130733	90	62	30	32	20	20	42	20	18	20	6	6	10	2	30	2	0,2,1,3	1,2,1,2	7,9,8	13.84
6	13377547580158329219	90	56	26	30	14	18	34	22	14	16	6	7	12	1	26	2	0,1,3,2	0,2,4,1	8,8,10	17.31
7	6331518325771976087	90	58	29	29	27	27	54	4	27	27	1	1	0	2	26	0	0,1,0,0	1,0,0,0	3,1,0	0.00
8	17732233145095174573	90	60	30	30	26	16	44	16	26	16	2	7	9	0	28	1	0,1,1,0	2,2,1,2	6,5,7	5.88
9	10686203890708821441	90	68	34	34	20	26	48	20	20	26	7	4	11	0	31	3	1,3,1,2	0,1,2,1	8,8,6	11.93
10	3640174636322468311	90	54	29	25	27	19	48	6	23	15	3	5	7	1	25	3	0,2,0,1	0,0,3,2	5,5,6	0.04
11	15040889455645666795	90	68	34	34	22	24	48	20	22	24	6	5	10	1	33	2	0,0,3,3	0,1,4,0	11,5,6	34.96
12	7994860201259313665	90	54	24	30	18	20	40	14	18	20	3	5	7	1	24	1	1,0,1,1	0,2,2,1	6,7,3	0.29
13	948830946872960533	90	54	25	29	21	27	48	6	21	27	2	1	3	0	25	0	0,0,1,1	0,1,0,0	1,1,4	0.01
14	12349545766196159019	90	62	33	29	29	19	50	12	29	19	2	5	6	1	28	1	0,0,2,0	0,2,1,2	6,5,3	1.76
15	5303516511809805887	90	62	31	31	21	21	46	16	21	21	5	5	9	1	29	2	0,0,1,4	1,2,0,2	6,5,9	4.58
16	16704231331133004373	90	52	23	29	17	23	42	10	15	23	4	3	7	0	25	2	1,1,2,0	0,2,1,0	5,5,4	0.01
17	9658202076746651241	90	56	27	29	17	19	40	16	17	19	5	5	10	0	27	2	1,2,2,0	0,3,1,1	5,8,7	2.19
18	2612172822360298111	90	52	24	28	18	24	42	10	18	24	3	2	2	3	23	0	0,0,3,0	0,1,0,1	5,4,1	0.06
19	14012887641683496595	90	52	28	24	18	20	38	14	18	18	5	3	6	2	24	1	0,3,1,1	0,1,1,1	6,4,6	0.15
20	6966858387297143465	90	64	30	34	22	22	48	16	22	22	4	6	9	1	31	2	1,2,1,0	3,1,1,1	5,5,10	6.23
21	18367573206620341949	90	66	33	33	23	25	50	16	23	25	5	4	9	0	31	1	1,1,2,1	2,0,2,0	5,5,8	5.99
22	11321543952233988819	90	56	28	28	22	20	42	14	20	20	4	4	7	1	27	0	0,1,1,2	2,1,0,1	6,4,6	0.66
23	4275514697847635687	90	56	26	30	20	22	44	12	20	20	3	5	8	0	26	2	1,0,2,0	1,2,2,0	4,7,5	0.20
24	15676229517170834173	90	58	28	30	20	12	34	24	20	12	4	9	10	3	28	2	0,2,2,0	1,4,2,2	9,10,7	66.03
25	8630200262784481041	90	52	27	25	21	17	42	10	21	17	3	4	6	1	24	2	1,1,1,0	1,1,1,1	4,6,4	0.01
26	1584171008398127911	90	52	29	23	21	17	42	10	19	17	5	3	7	1	24	3	0,1,2,2	1,1,0,1	6,6,4	0.01
27	12984885827721326395	90	56	26	30	20	16	40	16	18	16	4	7	11	0	24	2	0,2,1,1	2,0,3,2	7,6,9	1.07
28	5938856573334973265	90	56	29	27	21	21	44	12	21	19	4	4	8	0	26	1	1,0,1,2	1,2,1,0	3,6,7	0.24
29	17339571392658171749	90	62	34	28	22	14	38	24	20	14	7	7	14	0	29	1	1,2,3,1	1,2,2,2	10,7,11	42.28
30	10293542138271818619	90	38	18	20	14	14	32	6	12	14	3	3	6	0	18	4	0,0,1,2	1,1,0,1	5,4,3	0.00
31	3247512883885465487	90	68	34	34	22	26	50	18	22	26	6	4	9	1	30	1	1,3,0,2	0,1,2,1	7,5,8	12.21
32	14648227703208663973	90	58	32	26	22	16	40	18	22	12	5	7	11	1	26	3	1,1,2,1	0,0,3,4	10,2,12	18.56
33	7602198448822310841	90	62	33	29	25	17	46	16	25	17	4	6	9	1	30	2	0,2,2,0	3,2,1,0	5,8,7	18.05
34	556169194435957711	90	68	39	29	27	21	50	18	27	21	6	4	9	1	33	1	0,4,1,1	0,1,0,3	6,5,9	43.16
35	11956884013759156195	90	50	26	24	16	20	38	12	16	20	5	2	6	1	22	1	1,2,2,0	1,0,0,1	5,7,2	0.02
36	4910854759372803065	90	60	30	30	20	22	44	16	18	22	6	4	10	0	28	3	1,3,1,1	2,1,0,1	7,6,7	0.42
37	16311569578696001549	90	56	31	25	19	25	46	10	19	21	6	2	6	2	25	2	0,0,2,4	0,1,1,0	6,5,5	0.05
38	9265540324309648419	90	58	26	32	20	24	46	12	20	24	3	4	5	2	28	1	0,1,0,2	0,3,1,0	6,6,2	0.31
39	2219511069923295287	90	60	29	31	17	25	44	16	17	25	6	3	8	1	28	2	1,2,1,2	0,1,2,0	4,5,9	4.87
40	13620225889246493773	90	52	28	24	16	20	36	16	16	20	6	2	7	1	24	0	0,4,0,2	0,0,1,1	4,5,7	0.26
41	6574196634860140641	90	58	26	32	16	22	40	18	16	20	5	6	9	2	27	1	0,1,2,2	1,2,1,2	8,6,8	5.64
42	17974911454183339127	90	50	26	24	22	18	40	10	22	16	2	4	6	0	24	1	0,0,1,1	0,2,1,1	5,3,4	0.01
43	10928882199796985995	90	68	32	36	22	24	50	18	22	24	5	6	10	1	31	2	0,2,1,2	1,2,2,1	5,9,8	46.62
44	3882852945410632865	90	52	30	22	22	18	42	10	22	16	4	3	7	0	25	2	0,0,1,3	0,0,2,1	4,4,6	0.03
45	15283567764733831349	90	62	31	31	27	25	52	10	27	23	2	4	6	0	30	0	0,0,0,2	0,2,1,1	3,2,7	0.09
46	8237538510347478219	90	54	28	26	22	20	44	10	22	20	3	3	6	0	24	1	0,0,1,2	0,1,2,0	5,2,5	0.02
47	1191509255961125087	90	60	28	32	20	20	42	18	20	18	4	7	9	2	27	2	0,3,1,0	1,2,2,2	9,9,4	11.15
48	12592224075284323573	90	46	25	21	23	19	42	4	23	17	1	2	3	0	21	0	0,1,0,0	0,0,2,0	2,2,2	0.00
49	5546194820897970441	90	60	30	30	26	20	48	12	24	20	3	5	8	0	29	1	0,2,0,1	1,1,3,0	5,5,6	0.25
50	16946909640221168927	90	70	34	36	22	30	52	18	22	30	6	3	9	0	35	0	0,2,1,3	0,0,1,2	7,4,7	15.89
51	9900880385834815795	90	62	32	30	20	22	48	14	20	22	6	4	10	0	28	3	2,1,2,1	0,0,2,2	5,7,8	0.85
52	2854851131448462665	90	72	37	35	25	27	54	18	25	27	6	4	8	2	34	1	1,2,2,1	0,2,1,1	6,7,7	77.06
53	14255565950771661149	90	66	39	27	25	21	50	16	23	21	8	3	10	1	31	2	1,3,3,1	0,0,2,1	6,5,11	23.31
54	7209536696385308019	90	56	29	27	27	15	44	12	27	13	1	7	8	0	26	3	0,0,0,1	1,3,2,1	4,5,7	0.75
55	163507441998954887	90	64	30	34	22	24	46	18	22	22	4	6	7	3	29	0	1,2,1,0	0,1,3,2	7,7,6	8.89
56	11564222261322153373	90	64	34	30	22	22	46	18	22	22	6	4	9	1	30	2	1,1,2,2	0,1,2,1	7,7,6	8.94
57	4518193006935800241	90	48	25	23	17	19	38	10	17	15	4	4	8	0	23	1	3,1,0,0	1,1,1,1	5,8,3	0.01
58	15918907826258998727	90	66	34	32	28	24	52	14	28	24	3	4	5	2	29	0	0,1,1,1	0,2,1,1	2,7,5	3.36
59	8872878571872645595	90	58	30	28	18	22	42	16	18	18	6	5	9	2	27	2	0,1,2,3	0,2,2,1	7,6,9	1.60
60	1826849317486292465	90	54	23	31	17	23	42	12	17	23	3	4	5	2	25	1	2,0,0,1	0,2,2,0	5,5,4	0.24
61	13227564136809490949	90	62	34	28	18	24	44	18	16	24	9	2	9	2	27	1	3,1,3,2	0,0,2,0	6,10,6	9.99
62	6181534882423137819	90	44	21	23	15	19	36	8	15	19	3	2	5	0	21	1	0,1,1,1	0,0,1,1	5,2,3	0.00
63	17582249701746336303	90	56	28	28	18	22	44	12	18	22	5	3	7	1	26	2	3,1,0,1	0,3,0,0	6,5,5	0.21
64	10536220447359983173	90	60	30	30	20	22	44	16	20	20	5	5	8	2	29	2	0,1,3,1	1,0,1,3	8,5,7	1.51
65	3490191192973630041	90	62	29	33	21	19	42	20	21	19	4	7	9	2	29	1	0,1,0,3	1,1,3,2	6,9,7	13.89
66	14890906012296828527	90	60	30	30	24	20	48	12	22	18	4	6	9	1	29	4	0,1,0,3	1,2,2,1	7,5,8	0.36
67	7844876757910475395	90	60	32	28	18	22	42	18	18	22	7	3	10	0	29	1	0,2,4,1	0,0,2,1	3,6,11	9.36
68	798847503524122265	90	60	32	28	22	18	40	20	20	18	6	5	11	0	28	0	1,2,1,2	2,1,1,1	9,4,9	1.10
69	12199562322847320749	90	52	27	25	19	15	36	16	19	15	4	5	9	0	25	1	2,1,1,0	1,1,2,1	7,3,8	0.71
70	5153533068460967619	90	66	32	34	22	20	46	20	22	20	5	7	12	0	31	3	1,0,2,2	2,1,2,2	6,10,8	50.57
71	16554247887784166103	90	70	37	33	27	23	52	18	27	23	5	5	9	1	32	1	1,0,2,2	1,2,0,2	8,5,7	237.10
72	9508218633397812973	90	62	26	36	20	26	48	14	20	26	3	5	7	1	28	1	1,1,0,1	1,1,1,2	4,6,6	2.82
73	2462189379011459841	90	52	28	24	18	20	38	14	18	20	5	2	6	1	24	0	1,2,2,0	0,1,0,1	4,6,4	0.06
74	13862904198334658327	90	64	31	33	21	25	50	14	21	25	5	4	8	1	30	2	1,1,2,1	2,0,0,2	7,5,6	9.15
75	6816874943948305195	90	50	25	25	19	19	40	10	19	19	3	3	6	0	22	1	0,3,0,0	0,2,0,1	3,4,5	0.03
76	18217589763271503681	90	68	30	38	24	28	54	14	22	24	4	7	10	1	31	2	1,0,2,1	0,2,1,4	8,5,9	6.96
77	11171560508885150549	90	62	28	34	18	28	48	14	18	28	5	3	7	1	29	2	0,2,2,1	0,1,1,1	5,4,7	1.11
78	4125531254498797419	90	60	32	28	22	22	48	12	20	22	6	3	9	0	28	2	2,2,0,2	1,1,1,0	6,5,7	0.41
79	15526246073821995903	90	50	27	23	19	17	36	14	19	17	4	3	7	0	22	0	0,1,2,1	0,1,1,1	2,4,8	0.14
80	8480216819435642773	90	66	36	30	28	14	46	20	28	12	4	9	12	1	31	5	1,1,1,1	1,2,3,3	7,8,11	87.36
81	1434187565049289641	90	52	26	26	18	18	38	14	18	14	4	6	9	1	26	3	0,2,1,1	0,3,3,0	10,5,5	0.45
82	12834902384372488127	90	58	32	26	22	20	46	12	22	18	5	4	7	2	25	3	3,2,0,0	2,0,1,1	9,2,7	0.55
83	5788873129986134995	90	58	34	24	26	18	44	14	24	18	5	3	7	1	29	0	1,0,2,2	1,1,1,0	9,3,4	0.92
84	17189587949309333481	90	74	38	36	30	24	54	20	30	22	4	7	10	1	37	0	0,2,1,1	1,1,4,1	8,6,8	546.71
85	10143558694922980349	90	68	36	32	22	20	46	22	22	20	7	6	11	2	32	2	2,0,3,2	4,0,2,0	6,9,11	132.95
86	3097529440536627219	90	66	30	36	22	30	54	12	20	28	5	4	7	2	33	1	2,1,1,1	0,0,2,2	6,5,7	0.83
87	14498244259859825703	90	60	26	34	18	26	46	14	18	20	4	7	10	1	28	3	1,0,0,3	2,1,2,2	8,6,8	0.23
88	7452215005473472573	90	60	33	27	23	19	44	16	23	19	5	4	9	0	28	1	0,2,2,1	1,1,2,0	5,3,10	4.83
89	406185751087119441	90	52	26	26	20	20	40	12	18	20	4	3	7	0	23	1	0,2,1,1	1,0,2,0	6,3,5	0.09
90	11806900570410317927	90	54	28	26	22	16	40	14	20	16	4	5	8	1	25	2	1,1,1,1	2,1,0,2	9,6,3	1.35
91	4760871316023964795	90	62	29	33	25	25	50	12	25	25	2	4	5	1	29	0	0,1,0,1	0,3,1,0	1,6,5	1.29
92	16161586135347163281	90	56	31	25	21	21	44	12	21	21	5	2	7	0	27	1	1,2,2,0	2,0,0,0	5,5,4	0.03
93	9115556880960810149	90	64	38	26	28	22	52	12	28	22	5	2	5	2	31	1	0,2,1,2	0,0,0,2	5,6,3	0.25
94	2069527626574457019	90	48	24	24	16	16	34	14	16	16	4	4	8	0	21	1	0,2,1,1	1,2,1,0	4,5,7	0.15
95	13470242445897655503	90	62	37	25	25	23	52	10	25	23	6	1	5	2	30	2	1,2,1,2	1,0,0,0	5,5,4	0.66
96	6424213191511302373	90	62	30	32	24	22	48	14	24	22	3	5	8	0	29	1	2,1,0,0	1,1,2,1	6,4,6	4.74
97	17824928010834500857	90	64	37	27	29	21	52	12	29	21	4	3	5	2	30	1	0,2,1,1	2,1,0,0	6,3,5	0.41
98	10778898756448147727	90	62	28	34	18	26	46	16	18	26	5	4	8	1	27	1	0,2,2,1	1,0,2,1	4,5,9	7.76
99	3732869502061794595	90	48	26	22	20	16	38	10	20	16	3	3	6	0	20	1	0,1,1,1	1,0,2,0	4,4,4	0.05
100	15133584321384993081	90	62	30	32	20	22	46	16	20	22	5	5	9	1	29	3	2,0,1,2	1,0,2,2	6,8,6	2.92
101	8087555066998639949	90	58	32	26	22	22	46	12	22	20	5	3	7	1	29	1	0,0,3,2	1,0,1,1	7,2,7	0.06
102	1041525812612286819	90	56	26	30	22	24	46	10	22	24	2	3	5	0	27	0	0,0,1,1	0,1,1,1	1,4,5	0.01
103	12442240631935485303	90	60	29	31	21	23	46	14	19	23	5	4	9	0	28	1	1,1,2,1	1,2,0,1	8,4,6	1.80
104	5396211377549132173	90	64	34	30	28	22	52	12	28	20	3	5	8	0	29	1	0,2,1,0	2,2,1,0	4,6,6	7.22
105	16796926196872330657	90	56	27	29	19	21	42	14	15	21	6	4	9	1	26	2	1,1,4,0	2,1,1,0	9,4,7	1.67
106	9750896942485977527	90	76	40	36	28	32	60	16	28	32	6	2	5	3	36	0	1,2,3,0	1,0,0,1	3,5,8	10.53
107	2704867688099624395	90	60	30	30	28	22	50	10	28	22	1	4	5	0	27	0	1,0,0,0	0,1,2,1	3,5,2	0.20
108	14105582507422822881	90	58	29	29	23	17	42	16	23	15	3	7	9	1	28	2	0,2,1,0	0,5,2,0	6,7,7	6.05
109	7059553253036469749	90	50	21	29	21	27	48	2	21	27	0	1	1	0	24	0	0,0,0,0	0,1,0,0	1,0,1	0.00
110	13523998650116619	90	68	38	30	26	20	48	20	26	20	6	5	9	2	33	1	2,1,3,0	0,3,1,1	8,6,8	59.84
111	11414238817973315103	90	72	40	32	34	24	60	12	32	22	4	5	8	1	35	2	1,0,2,1	1,1,2,1	6,5,7	6.34
112	4368209563586961973	90	62	31	31	27	21	50	12	27	19	2	6	8	0	30	1	2,0,0,0	0,2,2,2	6,5,5	0.57
113	15768924382910160457	90	62	29	33	19	21	42	20	17	21	6	6	12	0	30	1	1,2,1,2	1,1,2,2	10,4,10	14.13
114	8722895128523807327	90	58	29	29	15	21	40	18	15	21	7	4	10	1	26	2	4,1,1,1	0,1,0,3	9,7,6	1.71
115	1676865874137454195	90	62	34	28	26	22	48	14	26	22	4	3	5	2	28	0	1,0,1,2	2,0,1,0	4,4,6	0.17
116	13077580693460652681	90	68	34	34	22	26	48	20	20	26	7	4	10	1	34	0	1,2,1,3	0,2,1,1	6,5,11	110.77
117	6031551439074299549	90	66	31	35	27	25	54	12	27	23	2	6	7	1	32	1	1,0,1,0	0,4,2,0	4,7,5	1.10
118	17432266258397498035	90	62	35	27	27	19	50	12	27	19	4	4	8	0	28	2	0,1,0,3	1,1,2,0	4,7,5	0.90
119	10386237004011144903	90	58	28	30	16	24	44	14	14	20	7	5	11	1	28	4	0,3,3,1	1,0,2,2	9,6,9	5.73
